,Review_year,Cocoa_percent,Rating,Clusters
0,2016,63.0,3.75,purple
1,2015,70.0,2.75,pink
2,2015,70.0,3.0,pink
3,2015,70.0,3.5,purple
4,2015,70.0,3.5,purple
5,2014,70.0,2.75,pink
6,2014,70.0,3.5,purple
7,2014,70.0,3.5,purple
8,2014,70.0,3.75,purple
9,2014,70.0,4.0,purple
10,2013,70.0,2.75,pink
11,2013,70.0,3.0,pink
12,2013,70.0,3.25,purple
13,2013,70.0,3.75,purple
14,2013,70.0,2.75,pink
15,2013,70.0,3.0,pink
16,2013,70.0,3.25,purple
17,2013,70.0,4.0,purple
18,2013,70.0,3.25,purple
19,2013,70.0,3.5,purple
20,2013,63.0,4.0,purple
21,2012,70.0,3.5,purple
22,2012,63.0,3.75,purple
23,2015,70.0,3.75,purple
24,2015,70.0,3.75,purple
25,2011,60.0,2.75,pink
26,2011,80.0,3.25,dark purple
27,2011,88.0,3.5,dark purple
28,2011,72.0,3.5,purple
29,2009,55.0,2.75,pink
30,2009,70.0,3.0,pink
31,2009,70.0,3.0,pink
32,2011,75.0,3.75,purple
33,2010,75.0,2.75,pink
34,2010,75.0,2.75,pink
35,2014,65.0,2.75,pink
36,2014,75.0,2.75,pink
37,2014,75.0,3.0,pink
38,2013,75.0,2.5,pink
39,2013,75.0,2.5,pink
40,2017,70.0,3.5,purple
41,2017,70.0,3.5,purple
42,2017,70.0,3.5,purple
43,2017,70.0,3.5,purple
44,2016,60.0,2.75,pink
45,2016,60.0,3.0,pink
46,2016,60.0,2.5,pink
47,2016,60.0,2.5,pink
48,2016,60.0,2.75,pink
49,2013,60.0,2.5,pink
50,2013,60.0,3.0,pink
51,2013,80.0,3.25,dark purple
52,2013,60.0,3.0,pink
53,2013,60.0,3.25,purple
54,2011,70.0,4.0,purple
55,2010,70.0,3.75,purple
56,2010,70.0,4.0,purple
57,2010,70.0,3.0,pink
58,2009,70.0,3.0,pink
59,2008,70.0,2.75,pink
60,2007,70.0,3.5,purple
61,2007,70.0,3.0,pink
62,2007,70.0,3.75,purple
63,2009,70.0,3.0,pink
64,2009,70.0,2.75,pink
65,2009,85.0,2.75,dark purple
66,2009,85.0,3.0,dark purple
67,2013,72.0,3.25,purple
68,2013,73.0,3.5,purple
69,2015,64.0,3.0,pink
70,2015,66.0,3.25,purple
71,2015,75.0,3.25,purple
72,2015,63.0,3.25,purple
73,2015,70.0,3.25,purple
74,2015,68.0,3.5,purple
75,2012,70.0,3.75,purple
76,2007,70.0,4.0,purple
77,2007,75.0,4.0,purple
78,2007,70.0,5.0,purple
79,2007,70.0,3.0,pink
80,2007,70.0,3.0,pink
81,2007,70.0,3.5,purple
82,2007,70.0,3.75,purple
83,2007,70.0,4.0,purple
84,2007,70.0,3.5,purple
85,2007,63.0,3.5,purple
86,2006,70.0,5.0,purple
87,2006,66.0,4.0,purple
88,2013,75.0,3.25,purple
89,2010,85.0,2.75,dark purple
90,2010,50.0,3.75,purple
91,2010,75.0,3.75,purple
92,2010,60.0,4.0,purple
93,2014,75.0,3.0,pink
94,2016,75.0,3.5,purple
95,2014,75.0,3.0,pink
96,2014,72.0,2.5,pink
97,2014,75.0,2.75,pink
98,2014,75.0,3.0,pink
99,2016,70.0,3.5,purple
100,2016,70.0,3.75,purple
101,2016,73.0,3.5,purple
102,2016,70.0,3.25,purple
103,2016,70.0,3.25,purple
104,2016,70.0,3.5,purple
105,2016,70.0,3.75,purple
106,2016,70.0,3.5,purple
107,2016,70.0,4.0,purple
108,2016,70.0,4.0,purple
109,2016,70.0,3.75,purple
110,2016,70.0,3.25,purple
111,2016,73.0,3.25,purple
112,2015,70.0,3.5,purple
113,2015,68.0,3.5,purple
114,2015,70.0,3.75,purple
115,2015,70.0,3.5,purple
116,2015,70.0,3.75,purple
117,2015,70.0,4.0,purple
118,2015,75.0,2.75,pink
119,2015,70.0,3.25,purple
120,2015,75.0,3.5,purple
121,2013,72.0,3.25,purple
122,2012,72.0,3.75,purple
123,2011,72.0,4.0,purple
124,2011,72.0,2.75,pink
125,2010,100.0,1.75,dark purple
126,2010,72.0,3.75,purple
127,2010,72.0,3.25,purple
128,2010,72.0,3.25,purple
129,2010,72.0,3.5,purple
130,2009,75.0,2.5,pink
131,2009,72.0,2.75,pink
132,2009,72.0,1.75,pink
133,2009,80.0,3.0,dark purple
134,2009,75.0,3.0,pink
135,2009,72.0,3.25,purple
136,2008,72.0,3.75,purple
137,2013,72.0,2.75,pink
138,2016,68.0,3.75,purple
139,2011,72.0,3.75,purple
140,2011,70.0,3.75,purple
141,2009,77.0,3.75,purple
142,2007,75.0,2.5,pink
143,2007,70.0,3.0,pink
144,2015,80.0,3.25,dark purple
145,2015,70.0,3.5,purple
146,2012,70.0,3.0,pink
147,2012,70.0,2.5,pink
148,2012,70.0,2.5,pink
149,2015,70.0,2.75,pink
150,2015,70.0,3.5,purple
151,2015,70.0,3.5,purple
152,2014,70.0,4.0,purple
153,2012,70.0,3.25,purple
154,2012,70.0,3.5,purple
155,2012,70.0,3.75,purple
156,2012,80.0,2.75,dark purple
157,2016,65.0,3.5,purple
158,2016,70.0,3.75,purple
159,2016,65.0,3.25,purple
160,2017,73.0,3.0,pink
161,2017,72.0,3.25,purple
162,2016,80.0,2.75,dark purple
163,2016,70.0,2.75,pink
164,2016,70.0,2.75,pink
165,2016,90.0,2.75,dark purple
166,2010,64.0,2.75,pink
167,2010,64.0,2.75,pink
168,2010,64.0,2.75,pink
169,2010,71.0,3.5,purple
170,2016,70.0,3.5,purple
171,2016,70.0,3.25,purple
172,2016,70.0,3.5,purple
173,2016,83.0,2.75,dark purple
174,2016,78.0,3.0,dark purple
175,2016,83.0,3.5,dark purple
176,2013,74.0,3.5,purple
177,2013,74.0,3.5,purple
178,2013,74.0,3.5,purple
179,2013,73.0,4.0,purple
180,2011,72.0,4.0,purple
181,2011,72.0,3.75,purple
182,2012,55.0,2.75,pink
183,2011,64.0,3.0,pink
184,2011,88.0,3.0,dark purple
185,2011,72.0,3.5,purple
186,2011,72.0,4.0,purple
187,2010,70.0,3.25,purple
188,2010,74.0,3.25,purple
189,2010,64.0,3.5,purple
190,2010,72.0,3.5,purple
191,2015,76.0,2.5,pink
192,2015,76.0,2.5,pink
193,2015,78.0,2.5,dark purple
194,2015,86.0,3.25,dark purple
195,2012,72.0,3.5,purple
196,2010,75.0,3.25,purple
197,2010,70.0,3.75,purple
198,2010,65.0,2.75,pink
199,2010,70.0,3.0,pink
200,2010,78.0,3.0,dark purple
201,2009,75.0,3.0,pink
202,2009,65.0,3.5,purple
203,2009,75.0,3.25,purple
204,2009,65.0,3.5,purple
205,2008,71.0,3.0,pink
206,2008,75.0,3.5,purple
207,2008,68.0,3.75,purple
208,2008,70.0,3.0,pink
209,2008,70.0,2.75,pink
210,2008,70.0,2.75,pink
211,2008,70.0,3.0,pink
212,2014,70.0,2.75,pink
213,2013,82.0,3.5,dark purple
214,2009,72.0,2.75,pink
215,2016,82.0,3.5,dark purple
216,2016,75.0,2.75,pink
217,2016,75.0,3.5,purple
218,2016,75.0,3.0,pink
219,2012,70.0,3.5,purple
220,2012,70.0,3.75,purple
221,2016,75.0,3.5,purple
222,2014,75.0,4.0,purple
223,2014,75.0,3.25,purple
224,2014,65.0,3.75,purple
225,2013,75.0,3.5,purple
226,2013,75.0,3.25,purple
227,2011,75.0,3.5,purple
228,2011,75.0,3.5,purple
229,2011,75.0,3.5,purple
230,2011,75.0,3.75,purple
231,2011,75.0,4.0,purple
232,2011,75.0,4.0,purple
233,2011,75.0,3.5,purple
234,2011,75.0,3.25,purple
235,2009,75.0,3.0,pink
236,2009,75.0,2.75,pink
237,2009,75.0,3.0,pink
238,2009,75.0,3.0,pink
239,2008,75.0,4.0,purple
240,2007,75.0,2.5,pink
241,2006,75.0,3.75,purple
242,2006,75.0,4.0,purple
243,2006,75.0,4.0,purple
244,2006,75.0,4.0,purple
245,2006,100.0,1.5,dark purple
246,2006,75.0,3.0,pink
247,2006,75.0,4.0,purple
248,2009,77.0,3.25,purple
249,2009,100.0,1.5,dark purple
250,2014,70.0,2.75,pink
251,2014,70.0,2.75,pink
252,2016,70.0,3.5,purple
253,2016,70.0,3.75,purple
254,2015,68.0,3.75,purple
255,2014,70.0,3.75,purple
256,2014,70.0,4.0,purple
257,2013,72.0,3.0,pink
258,2013,70.0,3.25,purple
259,2013,75.0,3.5,purple
260,2013,85.0,3.5,dark purple
261,2015,60.0,3.0,pink
262,2015,80.0,3.25,dark purple
263,2015,70.0,3.5,purple
264,2015,80.0,2.75,dark purple
265,2015,80.0,3.25,dark purple
266,2015,60.0,3.25,purple
267,2013,70.0,3.0,pink
268,2014,72.0,3.0,pink
269,2014,70.0,3.5,purple
270,2014,72.0,3.5,purple
271,2014,68.0,2.75,pink
272,2015,70.0,3.25,purple
273,2013,68.0,2.75,pink
274,2014,72.0,3.25,purple
275,2014,72.0,3.5,purple
276,2014,72.0,3.25,purple
277,2014,72.0,3.25,purple
278,2014,60.0,2.5,pink
279,2015,70.0,2.5,pink
280,2014,75.0,2.5,pink
281,2010,75.0,2.5,pink
282,2010,75.0,2.75,pink
283,2010,75.0,2.25,pink
284,2016,65.0,3.5,purple
285,2010,70.0,3.0,pink
286,2008,75.0,2.0,pink
287,2007,72.0,2.0,pink
288,2007,66.0,3.0,pink
289,2015,77.0,3.5,purple
290,2015,75.0,3.25,purple
291,2014,75.0,2.5,pink
292,2014,74.0,3.25,purple
293,2014,75.0,3.5,purple
294,2014,70.0,3.75,purple
295,2015,74.0,3.25,purple
296,2016,71.0,3.75,purple
297,2016,74.0,3.75,purple
298,2015,72.0,3.75,purple
299,2014,64.0,3.5,purple
300,2014,70.0,3.5,purple
301,2014,69.0,2.75,pink
302,2014,70.0,3.25,purple
303,2016,70.0,3.5,purple
304,2012,72.0,3.75,purple
305,2011,72.0,3.0,pink
306,2011,66.0,3.75,purple
307,2011,65.0,3.25,purple
308,2016,70.0,3.5,purple
309,2010,71.0,3.5,purple
310,2010,71.0,3.75,purple
311,2010,71.0,4.0,purple
312,2010,71.0,3.25,purple
313,2010,71.0,3.5,purple
314,2010,77.0,3.5,purple
315,2009,70.0,4.0,purple
316,2009,70.0,4.0,purple
317,2015,70.0,3.0,pink
318,2015,70.0,3.25,purple
319,2015,70.0,3.5,purple
320,2013,70.0,3.25,purple
321,2008,63.0,3.5,purple
322,2008,71.0,3.5,purple
323,2008,82.0,2.5,dark purple
324,2008,91.0,1.5,dark purple
325,2008,60.0,2.75,pink
326,2007,70.0,1.0,pink
327,2014,75.0,2.5,pink
328,2014,72.0,3.0,pink
329,2014,70.0,3.5,purple
330,2013,100.0,3.5,dark purple
331,2012,80.0,3.0,dark purple
332,2011,78.0,2.25,pink
333,2011,70.0,2.5,pink
334,2016,75.0,2.5,pink
335,2016,73.0,2.75,pink
336,2016,70.0,3.0,pink
337,2016,75.0,3.0,pink
338,2016,70.0,3.25,purple
339,2008,77.0,2.0,pink
340,2008,77.0,2.5,pink
341,2008,77.0,2.75,pink
342,2008,55.0,3.0,pink
343,2008,55.0,3.25,purple
344,2008,55.0,3.5,purple
345,2014,70.0,3.5,purple
346,2014,70.0,3.75,purple
347,2015,72.0,3.5,purple
348,2015,72.0,3.25,purple
349,2015,72.0,3.5,purple
350,2012,72.0,3.0,pink
351,2012,80.0,2.75,dark purple
352,2016,65.0,3.0,pink
353,2016,65.0,3.25,purple
354,2016,65.0,3.25,purple
355,2016,65.0,3.5,purple
356,2016,65.0,3.5,purple
357,2016,72.0,4.0,purple
358,2015,72.0,3.5,purple
359,2015,70.0,3.75,purple
360,2015,72.0,3.5,purple
361,2014,72.0,3.5,purple
362,2014,76.0,3.5,purple
363,2014,70.0,2.75,pink
364,2013,70.0,3.0,pink
365,2013,73.0,3.5,purple
366,2013,70.0,2.5,pink
367,2013,70.0,3.25,purple
368,2013,72.0,3.25,purple
369,2013,70.0,2.75,pink
370,2013,72.0,3.0,pink
371,2014,70.0,2.5,pink
372,2014,70.0,2.75,pink
373,2014,70.0,2.75,pink
374,2014,70.0,3.0,pink
375,2009,72.0,2.75,pink
376,2014,70.0,2.75,pink
377,2016,70.0,3.25,purple
378,2010,55.0,2.75,pink
379,2008,75.0,3.0,pink
380,2014,70.0,3.5,purple
381,2011,70.0,3.5,purple
382,2015,70.0,3.25,purple
383,2014,75.0,3.0,pink
384,2014,82.0,3.25,dark purple
385,2015,70.0,2.75,pink
386,2015,70.0,3.5,purple
387,2015,65.0,2.5,pink
388,2015,65.0,2.75,pink
389,2015,80.0,2.5,dark purple
390,2011,70.0,3.75,purple
391,2011,68.0,3.75,purple
392,2016,90.0,2.5,dark purple
393,2016,80.0,2.5,dark purple
394,2016,70.0,2.5,pink
395,2016,70.0,2.75,pink
396,2016,60.0,3.0,pink
397,2016,75.0,3.0,pink
398,2016,80.0,3.0,dark purple
399,2016,70.0,3.25,purple
400,2016,80.0,2.75,dark purple
401,2014,74.0,2.75,pink
402,2015,75.0,3.25,purple
403,2015,68.0,3.5,purple
404,2015,80.0,3.75,purple
405,2015,69.0,3.75,purple
406,2015,80.0,3.75,purple
407,2013,70.0,3.75,purple
408,2012,82.0,2.5,dark purple
409,2012,68.0,2.75,pink
410,2012,72.0,3.25,purple
411,2014,70.0,2.5,pink
412,2015,77.0,3.0,pink
413,2011,65.0,3.25,purple
414,2010,71.0,3.25,purple
415,2010,71.0,3.5,purple
416,2009,60.0,3.25,purple
417,2009,75.0,3.25,purple
418,2008,71.0,3.5,purple
419,2007,71.0,2.5,pink
420,2007,71.0,2.5,pink
421,2007,70.0,3.0,pink
422,2015,65.0,2.5,pink
423,2015,75.0,2.5,pink
424,2009,80.0,2.5,dark purple
425,2009,70.0,2.75,pink
426,2009,70.0,3.0,pink
427,2009,80.0,3.0,dark purple
428,2009,70.0,3.0,pink
429,2013,42.0,2.75,pink
430,2016,75.0,3.25,purple
431,2011,68.0,3.75,purple
432,2009,61.0,3.0,pink
433,2010,77.0,2.75,pink
434,2010,73.5,3.75,purple
435,2008,80.0,3.0,dark purple
436,2008,75.0,4.0,purple
437,2008,100.0,1.0,dark purple
438,2015,73.0,3.5,purple
439,2015,75.0,3.0,pink
440,2010,70.0,3.25,purple
441,2008,80.0,2.75,dark purple
442,2008,72.0,3.25,purple
443,2008,70.0,3.75,purple
444,2008,88.0,2.75,dark purple
445,2015,76.0,3.5,purple
446,2016,78.0,2.75,dark purple
447,2013,65.0,3.25,purple
448,2012,85.0,3.5,dark purple
449,2012,100.0,1.5,dark purple
450,2012,72.0,3.75,purple
451,2012,70.0,3.5,purple
452,2010,72.0,3.25,purple
453,2010,70.0,3.0,pink
454,2010,72.0,2.5,pink
455,2010,72.0,3.0,pink
456,2010,72.0,3.25,purple
457,2010,72.0,3.25,purple
458,2009,72.0,3.0,pink
459,2009,62.0,3.25,purple
460,2009,70.0,3.5,purple
461,2009,70.0,3.75,purple
462,2008,72.0,3.0,pink
463,2008,72.0,3.0,pink
464,2007,72.0,3.0,pink
465,2006,70.0,1.0,pink
466,2014,70.0,2.5,pink
467,2014,83.0,2.75,dark purple
468,2012,75.0,3.25,purple
469,2012,65.0,3.25,purple
470,2012,67.0,3.25,purple
471,2012,64.0,3.25,purple
472,2012,75.0,3.5,purple
473,2016,85.0,3.25,dark purple
474,2016,73.0,3.75,purple
475,2015,70.0,2.75,pink
476,2011,70.0,3.25,purple
477,2017,72.0,2.75,pink
478,2015,70.0,3.0,pink
479,2015,70.0,3.5,purple
480,2015,70.0,2.25,pink
481,2015,70.0,2.75,pink
482,2016,70.0,3.75,purple
483,2015,70.0,3.0,pink
484,2014,70.0,3.5,purple
485,2014,70.0,3.5,purple
486,2014,70.0,2.75,pink
487,2014,70.0,3.75,purple
488,2013,70.0,2.75,pink
489,2013,70.0,3.25,purple
490,2013,70.0,3.5,purple
491,2013,70.0,3.5,purple
492,2012,70.0,3.0,pink
493,2012,70.0,3.25,purple
494,2012,70.0,3.75,purple
495,2011,70.0,3.25,purple
496,2011,70.0,3.25,purple
497,2011,70.0,3.25,purple
498,2014,82.0,3.25,dark purple
499,2012,75.0,3.0,pink
500,2012,70.0,3.75,purple
501,2012,70.0,3.75,purple
502,2012,70.0,4.0,purple
503,2012,70.0,3.25,purple
504,2011,60.0,3.5,purple
505,2009,75.0,3.0,pink
506,2009,60.0,3.25,purple
507,2016,72.0,2.75,pink
508,2016,72.0,3.0,pink
509,2016,70.0,3.25,purple
510,2016,75.0,3.25,purple
511,2015,70.0,3.0,pink
512,2015,70.0,3.25,purple
513,2015,70.0,3.0,pink
514,2015,70.0,3.25,purple
515,2013,70.0,2.5,pink
516,2013,70.0,2.75,pink
517,2013,70.0,2.75,pink
518,2012,58.0,3.25,purple
519,2015,72.0,3.5,purple
520,2015,65.0,3.5,purple
521,2016,70.0,2.5,pink
522,2016,70.0,3.0,pink
523,2007,66.0,2.5,pink
524,2007,64.0,3.0,pink
525,2007,71.0,3.0,pink
526,2007,60.0,3.0,pink
527,2007,64.0,3.0,pink
528,2007,64.0,3.0,pink
529,2009,64.0,3.0,pink
530,2008,66.0,3.75,purple
531,2016,72.0,2.5,pink
532,2008,80.0,2.75,dark purple
533,2007,77.0,3.5,purple
534,2007,77.0,3.5,purple
535,2017,70.0,3.75,purple
536,2016,78.0,3.5,purple
537,2015,70.0,3.75,purple
538,2014,74.0,3.5,purple
539,2013,70.0,3.25,purple
540,2013,76.0,3.5,purple
541,2012,75.0,2.75,pink
542,2012,72.0,2.75,pink
543,2011,80.0,2.75,dark purple
544,2011,72.0,3.0,pink
545,2011,75.0,2.75,pink
546,2011,74.0,3.0,pink
547,2011,70.0,3.25,purple
548,2015,85.0,3.0,dark purple
549,2014,72.0,3.25,purple
550,2014,72.0,3.25,purple
551,2014,72.0,3.5,purple
552,2009,70.0,3.75,purple
553,2008,88.0,3.0,dark purple
554,2006,70.0,1.5,pink
555,2015,70.0,3.75,purple
556,2015,70.0,3.75,purple
557,2013,100.0,3.0,dark purple
558,2012,70.0,3.5,purple
559,2012,70.0,3.75,purple
560,2011,70.0,3.5,purple
561,2010,70.0,3.0,pink
562,2008,70.0,3.0,pink
563,2008,70.0,3.0,pink
564,2008,78.0,3.5,purple
565,2008,70.0,3.75,purple
566,2007,70.0,4.0,purple
567,2007,75.0,3.25,purple
568,2007,60.0,3.25,purple
569,2007,70.0,3.5,purple
570,2007,70.0,3.5,purple
571,2007,70.0,3.75,purple
572,2007,70.0,4.0,purple
573,2007,70.0,4.0,purple
574,2006,70.0,3.0,pink
575,2006,70.0,3.25,purple
576,2006,70.0,3.5,purple
577,2016,75.0,2.75,pink
578,2015,70.0,2.5,pink
579,2015,80.0,2.75,dark purple
580,2015,77.0,2.75,pink
581,2015,70.0,4.0,purple
582,2014,70.0,3.5,purple
583,2014,76.0,3.75,purple
584,2012,72.0,3.75,purple
585,2011,72.0,3.75,purple
586,2011,65.0,3.5,purple
587,2011,72.0,3.0,pink
588,2011,71.0,3.25,purple
589,2011,71.0,3.5,purple
590,2010,70.0,3.5,purple
591,2010,72.0,3.75,purple
592,2010,70.0,2.5,pink
593,2010,70.0,3.75,purple
594,2015,70.0,3.25,purple
595,2012,82.0,2.75,dark purple
596,2015,70.0,3.5,purple
597,2015,70.0,3.5,purple
598,2015,70.0,3.25,purple
599,2015,70.0,3.25,purple
600,2015,70.0,4.0,purple
601,2014,70.0,3.25,purple
602,2014,70.0,3.5,purple
603,2014,70.0,3.75,purple
604,2016,70.0,3.25,purple
605,2016,70.0,3.25,purple
606,2012,72.0,2.75,pink
607,2016,68.0,3.0,pink
608,2011,75.0,3.75,purple
609,2008,71.0,2.75,pink
610,2015,70.0,3.75,purple
611,2009,60.5,2.75,pink
612,2009,70.0,3.0,pink
613,2008,74.0,2.5,pink
614,2008,58.0,2.5,pink
615,2008,61.0,3.0,pink
616,2006,70.0,2.75,pink
617,2013,60.0,2.75,pink
618,2013,70.0,3.25,purple
619,2015,79.0,3.0,dark purple
620,2015,78.0,3.5,purple
621,2016,75.0,3.25,purple
622,2010,80.0,3.25,dark purple
623,2014,70.0,3.25,purple
624,2014,80.0,3.0,dark purple
625,2014,74.0,3.25,purple
626,2012,70.0,2.75,pink
627,2009,65.0,2.0,pink
628,2009,81.0,3.5,dark purple
629,2009,74.0,2.75,pink
630,2008,72.0,3.0,pink
631,2011,55.0,2.5,pink
632,2011,55.0,2.5,pink
633,2011,70.0,2.5,pink
634,2011,62.0,2.75,pink
635,2011,62.0,2.5,pink
636,2014,80.0,3.0,dark purple
637,2014,80.0,3.5,purple
638,2014,80.0,3.75,purple
639,2010,75.0,2.75,pink
640,2016,76.0,3.0,pink
641,2016,76.0,2.5,pink
642,2016,76.0,2.75,pink
643,2010,58.0,3.5,purple
644,2006,62.0,2.0,pink
645,2006,74.0,3.0,pink
646,2006,64.0,3.0,pink
647,2006,65.0,3.0,pink
648,2006,72.0,3.5,purple
649,2006,68.0,4.0,purple
650,2014,65.0,2.25,pink
651,2014,80.0,3.0,dark purple
652,2014,70.0,3.25,purple
653,2014,85.0,2.5,dark purple
654,2014,72.0,2.75,pink
655,2016,70.0,2.75,pink
656,2016,80.0,2.75,dark purple
657,2016,70.0,2.75,pink
658,2016,75.0,3.5,purple
659,2016,67.0,3.75,purple
660,2014,70.0,3.5,purple
661,2014,70.0,3.75,purple
662,2012,70.0,3.75,purple
663,2012,60.0,3.5,purple
664,2015,70.0,3.5,purple
665,2015,75.0,3.5,purple
666,2015,80.0,3.0,dark purple
667,2014,60.0,3.5,purple
668,2014,65.0,3.5,purple
669,2017,70.0,3.5,purple
670,2015,73.0,3.5,purple
671,2014,80.0,3.0,dark purple
672,2014,68.0,3.25,purple
673,2013,66.0,3.5,purple
674,2012,70.0,2.5,pink
675,2012,61.0,3.5,purple
676,2012,81.0,2.0,dark purple
677,2011,70.0,3.5,purple
678,2011,65.0,3.5,purple
679,2014,70.0,3.0,pink
680,2014,70.0,3.5,purple
681,2014,70.0,3.5,purple
682,2014,70.0,3.5,purple
683,2013,72.0,3.25,purple
684,2013,72.0,3.75,purple
685,2013,70.0,3.75,purple
686,2013,70.0,4.0,purple
687,2012,69.0,3.5,purple
688,2012,69.0,3.5,purple
689,2012,74.0,4.0,purple
690,2012,69.0,4.0,purple
691,2012,69.0,3.0,pink
692,2011,74.0,2.75,pink
693,2011,70.0,3.25,purple
694,2011,72.0,3.5,purple
695,2011,70.0,3.5,purple
696,2011,74.0,2.75,pink
697,2011,72.0,3.25,purple
698,2011,74.0,3.0,pink
699,2011,76.0,3.25,purple
700,2011,70.0,4.0,purple
701,2009,80.0,2.75,dark purple
702,2009,70.0,3.0,pink
703,2009,70.0,3.25,purple
704,2009,65.0,3.5,purple
705,2016,70.0,3.5,purple
706,2015,60.0,3.0,pink
707,2015,85.0,3.25,dark purple
708,2014,70.0,3.5,purple
709,2013,70.0,3.25,purple
710,2013,70.0,3.5,purple
711,2012,70.0,3.25,purple
712,2012,70.0,3.25,purple
713,2012,70.0,3.25,purple
714,2012,70.0,3.75,purple
715,2011,70.0,3.25,purple
716,2011,70.0,3.5,purple
717,2011,70.0,3.5,purple
718,2016,74.0,3.75,purple
719,2016,74.0,4.0,purple
720,2014,70.0,3.75,purple
721,2014,76.0,3.0,pink
722,2013,70.0,3.75,purple
723,2013,75.0,3.0,pink
724,2012,70.0,2.5,pink
725,2011,66.0,3.25,purple
726,2011,70.0,3.0,pink
727,2014,85.0,2.5,dark purple
728,2015,65.0,3.25,purple
729,2015,70.0,4.0,purple
730,2015,70.0,3.5,purple
731,2015,80.0,3.5,purple
732,2015,75.0,3.5,purple
733,2016,70.0,3.5,purple
734,2015,66.0,3.0,pink
735,2016,77.0,2.75,pink
736,2016,77.0,3.25,purple
737,2016,77.0,3.25,purple
738,2011,72.0,3.0,pink
739,2006,70.0,2.5,pink
740,2016,70.0,3.5,purple
741,2010,82.0,3.25,dark purple
742,2009,60.0,2.75,pink
743,2008,71.0,2.5,pink
744,2009,64.0,3.0,pink
745,2009,64.0,3.0,pink
746,2009,64.0,3.0,pink
747,2009,76.0,3.0,pink
748,2009,64.0,3.25,purple
749,2015,70.0,3.75,purple
750,2013,65.0,2.75,pink
751,2013,65.0,2.75,pink
752,2013,65.0,3.25,purple
753,2013,65.0,3.5,purple
754,2011,72.0,2.75,pink
755,2011,61.0,3.25,purple
756,2011,72.0,3.25,purple
757,2010,65.0,3.0,pink
758,2009,55.0,3.0,pink
759,2009,91.0,3.0,dark purple
760,2009,70.0,3.5,purple
761,2008,65.0,3.0,pink
762,2008,64.0,3.0,pink
763,2008,65.0,3.5,purple
764,2007,72.0,3.5,purple
765,2006,65.0,3.0,pink
766,2006,65.0,2.5,pink
767,2006,65.0,3.5,purple
768,2006,65.0,3.5,purple
769,2006,61.0,3.5,purple
770,2006,61.0,3.0,pink
771,2014,80.0,2.75,dark purple
772,2014,74.0,2.75,pink
773,2014,75.0,3.25,purple
774,2014,70.0,3.5,purple
775,2014,65.0,2.75,pink
776,2014,70.0,3.0,pink
777,2014,80.0,3.0,dark purple
778,2014,66.0,3.25,purple
779,2014,100.0,2.0,dark purple
780,2007,77.0,2.5,pink
781,2014,55.0,2.75,pink
782,2014,70.0,3.0,pink
783,2011,70.0,3.0,pink
784,2016,85.0,3.25,dark purple
785,2015,67.0,3.0,pink
786,2015,77.0,3.5,purple
787,2015,74.0,3.5,purple
788,2016,64.0,2.75,pink
789,2016,70.0,3.25,purple
790,2016,74.0,3.5,purple
791,2014,67.0,3.5,purple
792,2014,67.0,3.0,pink
793,2014,67.0,3.75,purple
794,2014,67.0,3.75,purple
795,2016,72.0,3.5,purple
796,2016,70.0,3.5,purple
797,2016,77.0,3.5,purple
798,2016,68.0,3.75,purple
799,2016,72.0,4.0,purple
800,2015,57.0,2.75,pink
801,2015,74.0,3.5,purple
802,2015,70.0,2.75,pink
803,2015,74.0,3.0,pink
804,2015,70.0,3.0,pink
805,2015,73.0,3.25,purple
806,2015,70.0,3.25,purple
807,2016,70.0,2.75,pink
808,2016,72.0,2.75,pink
809,2016,75.0,3.25,purple
810,2016,66.0,3.5,purple
811,2009,80.0,2.0,dark purple
812,2009,80.0,2.5,dark purple
813,2009,72.0,3.0,pink
814,2009,58.0,3.25,purple
815,2009,58.0,3.5,purple
816,2016,70.0,2.75,pink
817,2015,70.0,3.5,purple
818,2015,70.0,3.5,purple
819,2015,70.0,3.5,purple
820,2015,70.0,3.5,purple
821,2009,70.0,2.5,pink
822,2009,70.0,2.75,pink
823,2009,70.0,3.5,purple
824,2009,75.0,3.75,purple
825,2014,72.0,2.5,pink
826,2015,70.0,2.75,pink
827,2013,70.0,4.0,purple
828,2013,100.0,1.75,dark purple
829,2013,75.0,3.0,pink
830,2013,80.0,3.5,purple
831,2013,90.0,3.0,dark purple
832,2013,72.0,3.0,pink
833,2013,82.0,3.5,dark purple
834,2013,100.0,2.75,dark purple
835,2013,100.0,2.5,dark purple
836,2013,100.0,2.75,dark purple
837,2012,66.0,3.5,purple
838,2011,80.0,3.0,dark purple
839,2011,65.0,3.0,pink
840,2011,65.0,3.25,purple
841,2010,70.0,2.75,pink
842,2010,70.0,3.0,pink
843,2010,70.0,2.75,pink
844,2008,72.0,3.0,pink
845,2008,80.0,2.5,dark purple
846,2008,75.0,2.75,pink
847,2008,72.0,3.0,pink
848,2015,70.0,3.5,purple
849,2014,70.0,3.0,pink
850,2014,70.0,3.0,pink
851,2014,70.0,3.0,pink
852,2014,70.0,3.75,purple
853,2014,70.0,3.5,purple
854,2013,70.0,3.25,purple
855,2013,70.0,3.75,purple
856,2013,72.0,3.75,purple
857,2011,72.0,3.75,purple
858,2011,72.0,3.75,purple
859,2011,72.0,3.25,purple
860,2011,72.0,3.75,purple
861,2011,74.0,4.0,purple
862,2011,72.0,3.5,purple
863,2011,70.0,4.0,purple
864,2011,72.0,4.0,purple
865,2011,72.0,4.0,purple
866,2016,61.0,2.5,pink
867,2012,70.0,3.25,purple
868,2012,70.0,2.75,pink
869,2014,77.0,3.0,pink
870,2012,72.0,2.75,pink
871,2012,72.0,3.0,pink
872,2014,72.0,3.5,purple
873,2014,72.0,2.25,pink
874,2014,72.0,3.25,purple
875,2014,72.0,3.25,purple
876,2015,70.0,3.5,purple
877,2015,70.0,2.75,pink
878,2006,71.0,2.0,pink
879,2015,63.0,2.75,pink
880,2014,70.0,3.5,purple
881,2014,70.0,3.5,purple
882,2014,70.0,4.0,purple
883,2013,70.0,3.5,purple
884,2013,82.0,3.0,dark purple
885,2013,55.0,3.25,purple
886,2013,62.0,3.25,purple
887,2012,64.0,2.5,pink
888,2009,65.0,3.75,purple
889,2008,70.0,3.0,pink
890,2008,70.0,3.5,purple
891,2008,75.0,2.75,pink
892,2008,85.0,2.5,dark purple
893,2008,85.0,2.75,dark purple
894,2008,85.0,3.0,dark purple
895,2008,75.0,2.5,pink
896,2008,85.0,3.0,dark purple
897,2009,70.0,2.75,pink
898,2009,80.0,2.75,dark purple
899,2013,70.0,3.75,purple
900,2009,72.0,2.0,pink
901,2014,60.0,3.0,pink
902,2014,72.0,2.5,pink
903,2014,72.0,2.75,pink
904,2014,72.0,3.0,pink
905,2014,72.0,3.25,purple
906,2014,90.0,3.25,dark purple
907,2014,72.0,3.25,purple
908,2014,72.0,3.25,purple
909,2016,70.0,3.25,purple
910,2016,70.0,2.75,pink
911,2016,70.0,3.75,purple
912,2016,70.0,3.75,purple
913,2014,72.5,2.5,pink
914,2014,72.5,3.0,pink
915,2014,72.5,2.5,pink
916,2014,72.5,3.0,pink
917,2012,74.0,3.25,purple
918,2012,70.0,4.0,purple
919,2012,68.0,3.75,purple
920,2011,74.0,3.75,purple
921,2010,75.0,3.25,purple
922,2010,74.0,3.75,purple
923,2010,71.0,3.0,pink
924,2009,64.0,3.5,purple
925,2009,68.0,3.0,pink
926,2016,70.0,2.25,pink
927,2016,70.0,2.5,pink
928,2016,70.0,3.0,pink
929,2016,70.0,3.0,pink
930,2013,74.0,2.75,pink
931,2013,60.0,3.25,purple
932,2013,56.0,3.25,purple
933,2012,66.0,3.5,purple
934,2011,68.0,3.5,purple
935,2009,68.0,3.25,purple
936,2009,69.0,3.5,purple
937,2009,60.0,3.0,pink
938,2009,60.0,3.75,purple
939,2008,74.0,3.5,purple
940,2011,72.0,2.5,pink
941,2011,60.0,3.25,purple
942,2015,75.0,2.75,pink
943,2015,75.0,2.75,pink
944,2015,75.0,3.0,pink
945,2015,75.0,3.25,purple
946,2015,75.0,3.0,pink
947,2015,75.0,3.5,purple
948,2015,75.0,3.25,purple
949,2015,75.0,3.75,purple
950,2014,70.0,2.75,pink
951,2014,68.0,2.75,pink
952,2012,70.0,3.5,purple
953,2009,75.0,2.5,pink
954,2016,80.0,3.5,purple
955,2012,75.0,3.0,pink
956,2012,75.0,3.0,pink
957,2012,72.0,3.0,pink
958,2017,70.0,3.5,purple
959,2017,70.0,3.25,purple
960,2016,70.0,3.25,purple
961,2015,70.0,3.25,purple
962,2015,70.0,3.5,purple
963,2015,70.0,3.0,pink
964,2015,70.0,3.25,purple
965,2015,70.0,3.5,purple
966,2014,70.0,3.5,purple
967,2014,71.0,3.5,purple
968,2016,70.0,3.0,pink
969,2012,65.0,3.5,purple
970,2012,68.0,3.5,purple
971,2012,68.0,3.75,purple
972,2012,75.0,2.75,pink
973,2012,74.0,3.0,pink
974,2012,68.0,3.5,purple
975,2007,85.0,3.0,dark purple
976,2013,65.0,2.5,pink
977,2014,70.0,3.75,purple
978,2014,65.0,3.25,purple
979,2014,75.0,3.75,purple
980,2013,71.0,3.0,pink
981,2013,72.0,3.0,pink
982,2013,70.0,3.5,purple
983,2015,75.0,2.0,pink
984,2010,46.0,2.75,pink
985,2010,60.0,3.0,pink
986,2010,58.0,3.0,pink
987,2010,65.0,3.5,purple
988,2011,70.0,1.5,pink
989,2010,55.0,2.25,pink
990,2008,67.0,3.5,purple
991,2008,70.0,3.75,purple
992,2008,63.0,4.0,purple
993,2008,75.0,3.5,purple
994,2017,73.0,3.5,purple
995,2013,70.0,2.75,pink
996,2013,70.0,3.5,purple
997,2013,70.0,2.75,pink
998,2013,70.0,2.75,pink
999,2012,70.0,3.25,purple
1000,2012,70.0,3.25,purple
1001,2012,70.0,3.5,purple
1002,2011,70.0,2.5,pink
1003,2011,70.0,2.75,pink
1004,2010,72.0,2.75,pink
1005,2008,75.0,2.0,pink
1006,2008,70.0,3.0,pink
1007,2008,70.0,3.25,purple
1008,2008,70.0,3.75,purple
1009,2010,70.0,2.0,pink
1010,2007,75.0,2.75,pink
1011,2007,73.0,3.5,purple
1012,2013,65.0,3.5,purple
1013,2010,55.0,3.5,purple
1014,2009,55.0,2.75,pink
1015,2016,70.0,3.0,pink
1016,2015,74.0,2.5,pink
1017,2014,74.0,2.5,pink
1018,2014,74.0,2.75,pink
1019,2012,74.0,3.75,purple
1020,2014,70.0,2.75,pink
1021,2015,72.0,3.5,purple
1022,2015,72.0,3.75,purple
1023,2013,72.0,3.75,purple
1024,2012,72.0,3.25,purple
1025,2012,72.0,2.75,pink
1026,2012,72.0,3.0,pink
1027,2012,72.0,3.25,purple
1028,2016,70.0,3.75,purple
1029,2016,70.0,3.5,purple
1030,2014,70.0,3.75,purple
1031,2014,85.0,3.5,dark purple
1032,2012,70.0,3.25,purple
1033,2012,70.0,3.5,purple
1034,2012,70.0,3.25,purple
1035,2016,75.0,3.25,purple
1036,2015,70.0,3.5,purple
1037,2015,62.0,3.5,purple
1038,2015,70.0,3.5,purple
1039,2015,70.0,2.75,pink
1040,2015,70.0,3.5,purple
1041,2015,68.0,3.5,purple
1042,2015,75.0,2.75,pink
1043,2015,72.0,3.0,pink
1044,2015,78.0,3.5,purple
1045,2016,70.0,3.0,pink
1046,2016,70.0,2.75,pink
1047,2016,70.0,3.0,pink
1048,2016,75.0,3.25,purple
1049,2015,85.0,3.25,dark purple
1050,2015,68.0,3.5,purple
1051,2015,70.0,3.75,purple
1052,2013,75.0,3.5,purple
1053,2012,76.0,3.5,purple
1054,2012,72.0,3.5,purple
1055,2012,70.0,3.5,purple
1056,2012,78.0,3.5,purple
1057,2012,80.0,3.0,dark purple
1058,2012,74.0,3.5,purple
1059,2010,65.0,3.0,pink
1060,2010,65.0,3.0,pink
1061,2010,65.0,3.25,purple
1062,2010,65.0,3.5,purple
1063,2013,74.0,2.25,pink
1064,2013,89.0,2.5,dark purple
1065,2016,76.0,2.75,pink
1066,2016,82.0,3.0,dark purple
1067,2016,74.0,3.25,purple
1068,2015,76.0,3.0,pink
1069,2015,74.0,3.25,purple
1070,2014,75.0,3.75,purple
1071,2012,73.0,3.5,purple
1072,2012,72.0,2.5,pink
1073,2012,73.0,2.75,pink
1074,2011,72.0,3.5,purple
1075,2011,76.0,3.0,pink
1076,2011,70.0,3.0,pink
1077,2011,81.0,2.75,dark purple
1078,2011,70.0,3.5,purple
1079,2011,71.0,2.75,pink
1080,2011,75.0,3.0,pink
1081,2011,73.0,3.25,purple
1082,2011,74.0,3.75,purple
1083,2010,81.0,2.75,dark purple
1084,2010,75.0,3.0,pink
1085,2010,70.0,3.25,purple
1086,2013,72.0,3.5,purple
1087,2013,68.0,4.0,purple
1088,2013,74.0,4.0,purple
1089,2013,70.0,3.75,purple
1090,2014,70.0,3.25,purple
1091,2014,70.0,3.25,purple
1092,2014,82.0,3.25,dark purple
1093,2014,63.0,3.5,purple
1094,2016,72.0,3.0,pink
1095,2014,70.0,2.5,pink
1096,2014,70.0,2.75,pink
1097,2014,70.0,3.0,pink
1098,2014,70.0,3.0,pink
1099,2014,70.0,3.5,purple
1100,2012,80.0,2.5,dark purple
1101,2012,72.0,2.5,pink
1102,2015,80.0,2.75,dark purple
1103,2015,70.0,3.0,pink
1104,2014,80.0,3.25,dark purple
1105,2014,70.0,3.5,purple
1106,2014,70.0,3.25,purple
1107,2014,80.0,3.5,purple
1108,2014,70.0,3.0,pink
1109,2014,72.0,3.5,purple
1110,2015,70.0,3.5,purple
1111,2012,66.0,3.75,purple
1112,2007,66.0,3.5,purple
1113,2007,67.0,3.5,purple
1114,2006,60.0,2.0,pink
1115,2006,85.0,2.0,dark purple
1116,2006,70.0,3.0,pink
1117,2006,67.0,4.0,purple
1118,2006,65.0,4.0,purple
1119,2006,64.0,4.0,purple
1120,2006,99.0,2.0,dark purple
1121,2015,80.0,3.5,purple
1122,2015,70.0,3.5,purple
1123,2015,75.0,3.75,purple
1124,2015,75.0,3.75,purple
1125,2015,75.0,3.25,purple
1126,2015,70.0,3.5,purple
1127,2013,75.0,2.5,pink
1128,2013,80.0,3.25,dark purple
1129,2012,65.0,1.5,pink
1130,2012,75.0,2.0,pink
1131,2012,70.0,2.5,pink
1132,2013,70.0,2.5,pink
1133,2012,70.0,3.5,purple
1134,2010,67.0,2.75,pink
1135,2010,77.0,2.75,pink
1136,2016,70.0,3.5,purple
1137,2016,75.0,3.75,purple
1138,2015,70.0,3.5,purple
1139,2012,65.0,2.5,pink
1140,2013,73.0,3.25,purple
1141,2013,72.0,3.0,pink
1142,2010,67.0,2.75,pink
1143,2015,70.0,3.0,pink
1144,2015,70.0,2.75,pink
1145,2015,70.0,3.25,purple
1146,2011,70.0,2.75,pink
1147,2011,70.0,2.75,pink
1148,2011,70.0,3.25,purple
1149,2016,72.0,3.5,purple
1150,2014,70.0,3.25,purple
1151,2015,70.0,3.25,purple
1152,2015,63.0,3.5,purple
1153,2015,85.0,3.5,dark purple
1154,2015,70.0,3.5,purple
1155,2015,80.0,3.5,purple
1156,2016,68.0,2.75,pink
1157,2016,71.0,2.75,pink
1158,2016,68.0,2.75,pink
1159,2016,80.0,3.0,dark purple
1160,2013,58.0,2.5,pink
1161,2013,70.0,3.0,pink
1162,2013,70.0,3.75,purple
1163,2013,78.0,3.75,purple
1164,2012,71.0,2.5,pink
1165,2014,70.0,3.25,purple
1166,2014,75.0,2.75,pink
1167,2014,70.0,3.0,pink
1168,2013,85.0,3.5,dark purple
1169,2014,72.0,2.25,pink
1170,2014,70.0,2.5,pink
1171,2014,73.5,2.5,pink
1172,2014,70.0,3.5,purple
1173,2010,70.0,2.5,pink
1174,2008,67.0,3.75,purple
1175,2007,73.0,1.0,pink
1176,2006,73.0,2.0,pink
1177,2006,75.0,2.75,pink
1178,2006,71.0,3.0,pink
1179,2015,72.0,2.25,pink
1180,2015,72.0,2.75,pink
1181,2015,72.0,3.0,pink
1182,2015,72.0,3.0,pink
1183,2013,75.0,2.75,pink
1184,2013,75.0,3.5,purple
1185,2014,75.0,3.0,pink
1186,2014,75.0,3.0,pink
1187,2014,75.0,3.25,purple
1188,2012,70.0,3.0,pink
1189,2012,70.0,3.0,pink
1190,2012,70.0,3.0,pink
1191,2012,75.0,2.75,pink
1192,2012,80.0,3.25,dark purple
1193,2015,70.0,3.75,purple
1194,2015,70.0,2.75,pink
1195,2015,70.0,3.0,pink
1196,2015,70.0,3.5,purple
1197,2015,70.0,3.75,purple
1198,2016,70.0,3.5,purple
1199,2010,70.0,2.5,pink
1200,2015,70.0,3.75,purple
1201,2015,70.0,3.75,purple
1202,2015,70.0,3.75,purple
1203,2015,75.0,4.0,purple
1204,2016,100.0,2.75,dark purple
1205,2016,70.0,3.5,purple
1206,2014,66.0,2.75,pink
1207,2014,70.0,3.0,pink
1208,2014,88.0,3.25,dark purple
1209,2014,74.0,3.5,purple
1210,2015,70.0,2.75,pink
1211,2015,70.0,3.0,pink
1212,2011,70.0,3.5,purple
1213,2010,72.0,3.0,pink
1214,2010,72.0,3.0,pink
1215,2009,67.0,2.75,pink
1216,2009,75.0,3.0,pink
1217,2011,76.0,2.0,pink
1218,2011,76.0,2.75,pink
1219,2011,85.0,2.75,dark purple
1220,2011,85.0,3.0,dark purple
1221,2011,80.0,2.75,dark purple
1222,2016,70.0,3.75,purple
1223,2014,70.0,3.0,pink
1224,2014,66.0,3.5,purple
1225,2013,74.0,2.75,pink
1226,2013,72.0,2.75,pink
1227,2013,72.0,2.75,pink
1228,2013,72.0,3.0,pink
1229,2013,72.0,3.0,pink
1230,2014,68.0,2.75,pink
1231,2014,80.0,3.25,dark purple
1232,2011,66.0,3.75,purple
1233,2009,70.0,3.0,pink
1234,2009,75.0,3.0,pink
1235,2009,68.0,3.25,purple
1236,2009,60.0,3.0,pink
1237,2006,60.0,3.0,pink
1238,2012,65.0,3.0,pink
1239,2012,72.0,3.0,pink
1240,2016,70.0,4.0,purple
1241,2014,70.0,3.25,purple
1242,2014,70.0,3.5,purple
1243,2014,70.0,3.75,purple
1244,2014,70.0,4.0,purple
1245,2012,85.0,2.75,dark purple
1246,2012,70.0,4.0,purple
1247,2011,70.0,3.5,purple
1248,2008,60.0,2.5,pink
1249,2008,65.0,2.75,pink
1250,2008,72.0,3.0,pink
1251,2008,100.0,2.0,dark purple
1252,2008,70.0,3.5,purple
1253,2016,70.0,2.75,pink
1254,2016,72.0,3.0,pink
1255,2015,70.0,3.25,purple
1256,2015,70.0,3.25,purple
1257,2015,72.0,3.5,purple
1258,2015,72.0,3.75,purple
1259,2014,72.0,2.75,pink
1260,2014,78.0,3.75,purple
1261,2014,75.0,2.75,pink
1262,2014,75.0,3.5,purple
1263,2014,70.0,3.75,purple
1264,2016,76.0,3.0,pink
1265,2014,65.0,3.5,purple
1266,2016,70.0,3.25,purple
1267,2015,70.0,3.5,purple
1268,2014,70.0,3.0,pink
1269,2014,70.0,3.5,purple
1270,2013,55.0,2.5,pink
1271,2013,70.0,2.75,pink
1272,2011,70.0,3.75,purple
1273,2009,75.0,4.0,purple
1274,2009,67.0,3.5,purple
1275,2009,70.0,3.5,purple
1276,2007,70.0,4.0,purple
1277,2013,67.0,4.0,purple
1278,2014,73.0,2.25,pink
1279,2014,64.0,2.75,pink
1280,2015,82.0,3.0,dark purple
1281,2015,70.0,3.25,purple
1282,2010,75.0,3.0,pink
1283,2010,75.0,3.25,purple
1284,2010,78.0,3.75,purple
1285,2010,85.0,3.0,dark purple
1286,2009,72.0,3.0,pink
1287,2009,72.0,3.0,pink
1288,2007,70.0,4.0,purple
1289,2007,72.0,3.75,purple
1290,2007,72.0,4.0,purple
1291,2007,85.0,3.5,dark purple
1292,2006,72.0,4.0,purple
1293,2006,72.0,3.0,pink
1294,2006,72.0,4.0,purple
1295,2016,80.0,2.5,dark purple
1296,2015,62.0,2.5,pink
1297,2015,80.0,2.75,dark purple
1298,2015,80.0,2.75,dark purple
1299,2015,80.0,2.75,dark purple
1300,2015,80.0,3.25,dark purple
1301,2014,73.0,3.25,purple
1302,2014,73.0,2.5,pink
1303,2014,73.0,3.25,purple
1304,2014,73.0,3.5,purple
1305,2012,76.0,2.5,pink
1306,2012,82.0,2.75,dark purple
1307,2016,70.0,3.75,purple
1308,2014,70.0,3.75,purple
1309,2011,70.0,3.5,purple
1310,2011,70.0,3.0,pink
1311,2011,70.0,2.75,pink
1312,2011,70.0,3.5,purple
1313,2010,82.0,3.75,purple
1314,2015,75.0,3.25,purple
1315,2011,75.0,3.25,purple
1316,2010,75.0,3.5,purple
1317,2009,75.0,2.0,pink
1318,2008,75.0,3.0,pink
1319,2008,100.0,3.0,dark purple
1320,2008,75.0,2.0,pink
1321,2008,75.0,3.5,purple
1322,2007,75.0,4.0,purple
1323,2006,75.0,3.0,pink
1324,2006,75.0,3.5,purple
1325,2006,75.0,3.5,purple
1326,2006,75.0,3.5,purple
1327,2006,75.0,3.75,purple
1328,2006,75.0,3.5,purple
1329,2006,75.0,3.5,purple
1330,2006,75.0,4.0,purple
1331,2006,75.0,3.0,pink
1332,2006,75.0,3.0,pink
1333,2006,75.0,3.25,purple
1334,2006,75.0,3.5,purple
1335,2006,80.0,4.0,purple
1336,2006,75.0,3.0,pink
1337,2006,75.0,3.0,pink
1338,2006,75.0,3.5,purple
1339,2016,77.0,3.5,purple
1340,2015,70.0,3.5,purple
1341,2015,74.0,3.5,purple
1342,2015,80.0,2.75,dark purple
1343,2014,75.0,2.75,pink
1344,2014,75.0,3.0,pink
1345,2014,72.0,3.25,purple
1346,2014,85.0,2.75,dark purple
1347,2012,73.0,2.75,pink
1348,2013,75.0,3.25,purple
1349,2013,85.0,3.5,dark purple
1350,2013,55.0,2.75,pink
1351,2013,80.0,3.25,dark purple
1352,2012,60.0,3.0,pink
1353,2012,65.0,3.25,purple
1354,2016,70.0,2.75,pink
1355,2016,74.0,3.0,pink
1356,2016,70.0,3.0,pink
1357,2015,75.0,2.75,pink
1358,2012,75.0,3.25,purple
1359,2011,85.0,3.5,dark purple
1360,2010,70.0,2.75,pink
1361,2010,75.0,3.0,pink
1362,2015,70.0,2.5,pink
1363,2015,80.0,3.25,dark purple
1364,2015,73.0,3.5,purple
1365,2016,75.0,3.25,purple
1366,2012,70.0,2.5,pink
1367,2010,75.0,3.25,purple
1368,2009,75.0,2.5,pink
1369,2007,75.0,3.0,pink
1370,2007,67.0,3.5,purple
1371,2007,75.0,3.75,purple
1372,2016,75.0,3.75,purple
1373,2015,85.0,3.5,dark purple
1374,2015,70.0,3.5,purple
1375,2013,75.0,3.75,purple
1376,2013,75.0,3.0,pink
1377,2012,75.0,4.0,purple
1378,2012,75.0,3.25,purple
1379,2012,75.0,3.5,purple
1380,2011,75.0,3.5,purple
1381,2016,70.0,3.25,purple
1382,2016,70.0,3.25,purple
1383,2016,70.0,3.25,purple
1384,2013,75.0,3.25,purple
1385,2013,68.0,3.25,purple
1386,2012,66.0,3.5,purple
1387,2016,75.0,3.75,purple
1388,2015,70.0,3.75,purple
1389,2015,75.0,3.25,purple
1390,2014,80.0,3.75,purple
1391,2013,70.0,3.5,purple
1392,2013,70.0,3.5,purple
1393,2013,75.0,4.0,purple
1394,2013,75.0,3.75,purple
1395,2012,75.0,3.75,purple
1396,2011,75.0,3.0,pink
1397,2010,75.0,3.75,purple
1398,2009,70.0,3.5,purple
1399,2008,70.0,2.75,pink
1400,2008,70.0,2.75,pink
1401,2008,70.0,2.75,pink
1402,2008,70.0,3.0,pink
1403,2012,84.0,2.5,dark purple
1404,2012,76.0,2.25,pink
1405,2012,72.0,2.5,pink
1406,2011,73.0,3.5,purple
1407,2011,71.0,2.5,pink
1408,2011,70.0,3.5,purple
1409,2011,77.0,2.75,pink
1410,2010,64.0,3.5,purple
1411,2010,100.0,1.5,dark purple
1412,2010,70.0,3.0,pink
1413,2010,72.0,3.5,purple
1414,2010,72.0,3.5,purple
1415,2012,83.0,2.75,dark purple
1416,2012,69.0,3.25,purple
1417,2008,70.0,3.5,purple
1418,2008,70.0,3.5,purple
1419,2008,70.0,3.5,purple
1420,2008,70.0,3.5,purple
1421,2009,75.0,2.75,pink
1422,2009,70.0,3.0,pink
1423,2006,53.0,2.0,pink
1424,2006,65.0,3.0,pink
1425,2006,70.0,4.0,purple
1426,2011,70.0,2.75,pink
1427,2012,78.0,4.0,purple
1428,2011,68.0,3.75,purple
1429,2010,68.0,3.5,purple
1430,2010,65.0,3.75,purple
1431,2009,68.0,3.75,purple
1432,2009,65.0,4.0,purple
1433,2009,72.0,3.75,purple
1434,2008,72.0,3.0,pink
1435,2007,72.0,3.0,pink
1436,2007,62.0,3.0,pink
1437,2007,75.0,3.75,purple
1438,2007,75.0,3.0,pink
1439,2006,82.0,2.0,dark purple
1440,2006,70.0,3.5,purple
1441,2006,68.0,2.0,pink
1442,2006,70.0,2.0,pink
1443,2006,62.0,3.0,pink
1444,2015,70.0,2.75,pink
1445,2015,70.0,2.75,pink
1446,2015,72.0,3.25,purple
1447,2015,73.0,3.5,purple
1448,2015,77.0,2.75,pink
1449,2015,74.0,3.5,purple
1450,2014,75.0,3.0,pink
1451,2014,72.0,3.25,purple
1452,2011,73.0,2.0,pink
1453,2011,73.0,2.5,pink
1454,2016,70.0,3.25,purple
1455,2011,75.0,3.5,purple
1456,2015,82.0,3.25,dark purple
1457,2015,70.0,3.5,purple
1458,2012,70.0,2.5,pink
1459,2011,67.0,3.0,pink
1460,2011,65.0,3.25,purple
1461,2011,60.0,3.25,purple
1462,2011,68.0,3.0,pink
1463,2016,73.0,3.5,purple
1464,2016,73.0,3.5,purple
1465,2016,73.0,3.75,purple
1466,2015,100.0,3.0,dark purple
1467,2015,100.0,3.0,dark purple
1468,2015,73.0,3.0,pink
1469,2015,73.0,3.25,purple
1470,2015,73.0,3.25,purple
1471,2014,67.0,3.75,purple
1472,2014,73.0,3.75,purple
1473,2014,73.0,3.75,purple
1474,2015,70.0,2.75,pink
1475,2015,72.0,3.0,pink
1476,2017,70.0,3.5,purple
1477,2016,70.0,3.75,purple
1478,2016,70.0,4.0,purple
1479,2016,70.0,3.75,purple
1480,2016,70.0,3.0,pink
1481,2016,67.0,3.75,purple
1482,2016,70.0,3.25,purple
1483,2015,65.0,3.25,purple
1484,2015,70.0,3.5,purple
1485,2015,67.0,3.75,purple
1486,2015,70.0,3.75,purple
1487,2015,72.0,4.0,purple
1488,2015,72.0,2.75,pink
1489,2015,65.0,3.5,purple
1490,2015,67.0,3.0,pink
1491,2015,70.0,3.75,purple
1492,2011,67.0,1.5,pink
1493,2010,68.0,3.0,pink
1494,2010,68.0,3.25,purple
1495,2016,70.0,3.5,purple
1496,2015,72.0,3.0,pink
1497,2016,68.0,2.75,pink
1498,2016,85.0,2.75,dark purple
1499,2016,70.0,3.25,purple
1500,2016,75.0,3.25,purple
1501,2014,70.0,3.0,pink
1502,2013,70.0,3.0,pink
1503,2013,70.0,3.0,pink
1504,2013,70.0,3.25,purple
1505,2013,70.0,3.25,purple
1506,2013,70.0,3.5,purple
1507,2016,62.0,3.5,purple
1508,2016,70.0,3.5,purple
1509,2016,70.0,3.5,purple
1510,2016,75.0,3.75,purple
1511,2016,70.0,3.75,purple
1512,2016,70.0,4.0,purple
1513,2016,70.0,3.25,purple
1514,2015,70.0,3.5,purple
1515,2015,75.0,4.0,purple
1516,2014,70.0,3.5,purple
1517,2014,70.0,3.75,purple
1518,2014,70.0,3.25,purple
1519,2014,80.0,3.5,purple
1520,2014,70.0,3.75,purple
1521,2014,70.0,3.25,purple
1522,2013,77.0,3.75,purple
1523,2013,70.0,3.25,purple
1524,2013,70.0,2.75,pink
1525,2013,70.0,3.75,purple
1526,2013,70.0,3.25,purple
1527,2013,70.0,3.75,purple
1528,2013,88.0,4.0,dark purple
1529,2013,70.0,4.0,purple
1530,2013,67.0,4.0,purple
1531,2013,70.0,3.25,purple
1532,2013,70.0,4.0,purple
1533,2012,70.0,3.25,purple
1534,2012,70.0,3.75,purple
1535,2012,70.0,4.0,purple
1536,2012,70.0,4.0,purple
1537,2012,70.0,3.5,purple
1538,2012,70.0,3.75,purple
1539,2012,70.0,3.5,purple
1540,2012,85.0,3.5,dark purple
1541,2011,70.0,2.75,pink
1542,2011,70.0,3.5,purple
1543,2011,64.0,4.0,purple
1544,2011,70.0,4.0,purple
1545,2011,70.0,3.75,purple
1546,2011,70.0,3.5,purple
1547,2010,70.0,3.75,purple
1548,2009,70.0,3.0,pink
1549,2009,70.0,3.5,purple
1550,2009,70.0,3.0,pink
1551,2009,70.0,3.5,purple
1552,2009,70.0,3.75,purple
1553,2009,70.0,3.75,purple
1554,2014,70.0,3.25,purple
1555,2014,70.0,3.5,purple
1556,2017,70.0,3.25,purple
1557,2017,70.0,3.5,purple
1558,2017,75.0,3.5,purple
1559,2017,75.0,3.25,purple
1560,2017,77.0,3.25,purple
1561,2017,80.0,3.5,purple
1562,2012,70.0,3.0,pink
1563,2012,80.0,3.0,dark purple
1564,2012,75.0,3.25,purple
1565,2017,70.0,3.75,purple
1566,2017,70.0,3.5,purple
1567,2017,70.0,2.75,pink
1568,2016,70.0,3.5,purple
1569,2016,70.0,3.75,purple
1570,2016,70.0,3.75,purple
1571,2014,72.0,2.75,pink
1572,2013,70.0,3.0,pink
1573,2013,70.0,3.0,pink
1574,2013,84.0,2.25,dark purple
1575,2015,70.0,3.0,pink
1576,2015,70.0,3.0,pink
1577,2015,70.0,3.0,pink
1578,2015,70.0,3.0,pink
1579,2015,70.0,3.0,pink
1580,2012,68.0,2.75,pink
1581,2011,72.0,3.25,purple
1582,2014,84.0,3.5,dark purple
1583,2014,70.0,3.5,purple
1584,2012,65.0,2.5,pink
1585,2012,70.0,2.5,pink
1586,2012,75.0,2.75,pink
1587,2013,67.0,2.75,pink
1588,2013,78.0,3.25,purple
1589,2016,61.0,2.5,pink
1590,2016,71.0,3.0,pink
1591,2016,70.0,2.75,pink
1592,2016,60.0,3.0,pink
1593,2015,70.0,2.75,pink
1594,2015,70.0,3.25,purple
1595,2015,88.0,3.25,dark purple
1596,2015,70.0,3.25,purple
1597,2015,70.0,3.75,purple
1598,2015,70.0,3.25,purple
1599,2015,70.0,3.5,purple
1600,2014,70.0,3.5,purple
1601,2014,70.0,3.75,purple
1602,2013,70.0,3.5,purple
1603,2013,70.0,3.5,purple
1604,2013,70.0,3.25,purple
1605,2012,70.0,3.25,purple
1606,2012,70.0,3.25,purple
1607,2012,70.0,3.75,purple
1608,2011,70.0,3.0,pink
1609,2013,70.0,2.75,pink
1610,2013,70.0,2.75,pink
1611,2013,70.0,2.5,pink
1612,2013,70.0,3.0,pink
1613,2015,70.0,3.0,pink
1614,2015,62.0,3.25,purple
1615,2015,60.0,3.25,purple
1616,2015,77.0,2.75,pink
1617,2016,70.0,3.25,purple
1618,2014,68.0,3.0,pink
1619,2011,87.0,3.25,dark purple
1620,2009,75.0,2.75,pink
1621,2007,70.0,3.0,pink
1622,2016,62.0,2.0,pink
1623,2012,99.0,3.25,dark purple
1624,2009,60.0,2.75,pink
1625,2009,68.0,3.0,pink
1626,2008,70.0,2.5,pink
1627,2008,70.0,2.5,pink
1628,2008,70.0,2.75,pink
1629,2008,70.0,2.5,pink
1630,2012,70.0,2.75,pink
1631,2012,70.0,3.0,pink
1632,2012,70.0,3.0,pink
1633,2012,70.0,3.5,purple
1634,2012,70.0,3.25,purple
1635,2012,70.0,2.0,pink
1636,2012,70.0,3.25,purple
1637,2012,70.0,2.75,pink
1638,2012,70.0,3.0,pink
1639,2012,70.0,3.25,purple
1640,2012,70.0,2.75,pink
1641,2012,80.0,3.0,dark purple
1642,2012,67.0,3.25,purple
1643,2012,70.0,3.5,purple
1644,2015,70.0,2.75,pink
1645,2015,70.0,3.75,purple
1646,2015,70.0,3.75,purple
1647,2015,70.0,3.25,purple
1648,2015,70.0,3.5,purple
1649,2015,70.0,3.75,purple
1650,2014,77.0,3.25,purple
1651,2014,67.0,3.75,purple
1652,2014,73.0,3.75,purple
1653,2015,70.0,3.0,pink
1654,2012,65.0,3.25,purple
1655,2007,65.0,3.5,purple
1656,2007,75.0,2.5,pink
1657,2007,84.0,3.0,dark purple
1658,2007,91.0,2.0,dark purple
1659,2007,75.0,3.0,pink
1660,2015,70.0,3.25,purple
1661,2016,72.0,3.75,purple
1662,2014,81.0,3.25,dark purple
1663,2012,70.0,4.0,purple
1664,2012,77.0,3.0,pink
1665,2011,72.0,2.75,pink
1666,2011,74.0,3.0,pink
1667,2014,72.0,3.0,pink
1668,2011,72.0,3.5,purple
1669,2015,75.0,2.75,pink
1670,2015,75.0,3.5,purple
1671,2014,75.0,3.5,purple
1672,2013,68.0,3.25,purple
1673,2013,75.0,2.5,pink
1674,2011,73.0,2.75,pink
1675,2016,60.0,3.0,pink
1676,2011,63.0,3.75,purple
1677,2014,74.0,2.75,pink
1678,2014,70.0,3.0,pink
1679,2016,72.0,3.0,pink
1680,2016,72.0,3.25,purple
1681,2014,65.0,3.25,purple
1682,2015,63.0,4.0,purple
1683,2013,70.0,3.5,purple
1684,2013,64.0,3.5,purple
1685,2012,69.0,4.0,purple
1686,2011,56.0,3.25,purple
1687,2011,64.0,4.0,purple
1688,2009,64.0,3.75,purple
1689,2009,66.0,3.75,purple
1690,2009,68.0,3.5,purple
1691,2007,72.0,3.0,pink
1692,2007,65.0,3.75,purple
1693,2007,64.0,4.0,purple
1694,2007,85.0,1.5,dark purple
1695,2007,85.0,2.5,dark purple
1696,2007,71.0,2.75,pink
1697,2007,64.0,3.25,purple
1698,2006,66.0,3.0,pink
1699,2006,70.0,4.0,purple
1700,2006,64.0,2.5,pink
1701,2006,64.0,3.0,pink
1702,2006,64.0,3.5,purple
1703,2012,72.0,2.5,pink
1704,2012,65.0,2.75,pink
1705,2009,72.0,2.75,pink
1706,2009,76.0,2.75,pink
1707,2009,80.0,2.75,dark purple
1708,2009,70.0,3.0,pink
1709,2009,68.0,3.0,pink
1710,2009,64.0,3.25,purple
1711,2015,70.0,3.25,purple
1712,2015,70.0,3.25,purple
1713,2014,90.0,3.25,dark purple
1714,2014,75.0,3.5,purple
1715,2014,75.0,3.5,purple
1716,2013,90.0,3.75,dark purple
1717,2012,70.0,3.25,purple
1718,2012,70.0,3.5,purple
1719,2014,75.0,3.0,pink
1720,2007,100.0,2.0,dark purple
1721,2007,90.0,2.0,dark purple
1722,2007,75.0,3.0,pink
1723,2007,65.0,3.0,pink
1724,2015,77.0,2.75,pink
1725,2015,77.0,3.0,pink
1726,2015,77.0,3.0,pink
1727,2015,77.0,3.25,purple
1728,2015,77.0,2.75,pink
1729,2016,70.0,2.5,pink
1730,2016,70.0,2.5,pink
1731,2016,70.0,3.0,pink
1732,2016,70.0,3.5,purple
1733,2016,70.0,3.5,purple
1734,2011,72.0,2.5,pink
1735,2013,75.0,2.5,pink
1736,2013,89.0,2.75,dark purple
1737,2013,75.0,3.25,purple
1738,2013,75.0,2.75,pink
1739,2016,70.0,4.0,purple
1740,2014,88.0,3.0,dark purple
1741,2013,100.0,2.25,dark purple
1742,2010,71.0,3.0,pink
1743,2010,72.0,3.5,purple
1744,2010,69.0,3.75,purple
1745,2009,70.0,3.0,pink
1746,2009,72.0,3.25,purple
1747,2016,74.0,3.0,pink
1748,2016,76.0,3.5,purple
1749,2016,75.0,3.75,purple
1750,2014,70.0,3.0,pink
1751,2013,70.0,3.25,purple
1752,2013,70.0,3.5,purple
1753,2012,70.0,2.5,pink
1754,2012,70.0,3.0,pink
1755,2012,70.0,3.25,purple
1756,2011,70.0,4.0,purple
1757,2011,70.0,3.5,purple
1758,2013,66.0,3.0,pink
1759,2017,70.0,2.75,pink
1760,2017,70.0,2.5,pink
1761,2015,70.0,3.0,pink
1762,2015,70.0,3.25,purple
1763,2015,70.0,3.25,purple
1764,2015,70.0,3.25,purple
1765,2015,70.0,3.5,purple
1766,2015,60.0,3.0,pink
1767,2016,70.0,3.5,purple
1768,2016,70.0,2.75,pink
1769,2016,85.0,2.75,dark purple
1770,2016,85.0,3.0,dark purple
1771,2016,70.0,3.5,purple
1772,2016,78.0,3.5,purple
1773,2016,78.0,3.75,purple
1774,2016,65.0,3.25,purple
1775,2011,68.0,3.5,purple
1776,2011,66.0,3.5,purple
1777,2011,72.0,3.75,purple
1778,2014,80.0,2.75,dark purple
1779,2012,72.0,3.5,purple
1780,2012,65.0,3.5,purple
1781,2012,70.0,3.0,pink
1782,2012,70.0,3.5,purple
1783,2012,62.0,3.75,purple
1784,2012,75.0,3.0,pink
1785,2012,75.0,3.0,pink
1786,2012,90.0,3.25,dark purple
1787,2012,70.0,3.75,purple
1788,2012,68.0,3.25,purple
1789,2012,58.0,3.5,purple
1790,2011,70.0,3.75,purple
1791,2011,65.0,3.0,pink
1792,2011,65.0,3.5,purple
1793,2011,62.0,3.25,purple
1794,2010,65.0,3.0,pink
